#ID,balance1,balance2,balance3,balance4
1,1.0000001,100.0000001,1.0000001,10000
2,1.0000001,100.0000001,1.0000001,10000
3,1.0000001,100.0000001,1.0000001,10000
4,0,0,0,0
5,0,0,0,0
